[
  {"url": "100percentfedup.com", "type": "bias"},
  {"url": "21stcenturywire.com", "type": "conspiracy"},
  {"url": "24extremeworld.com", "type": "fake"},
  {"url": "24newsflash.com", "type": "fake"},
  {"url": "365usanews.com", "type": "fake"},
  {"url": "70news.wordpress.com", "type": "fake"},
  {"url": "abcnews.com.co", "type": "fake"},
  {"url": "abcnewsgo.co", "type": "fake"},
  {"url": "abriluno.com", "type": "fake"},
  {"url": "aceflashman.wordpress.com", "type": "fake"},
  {"url": "activistpost.com", "type": "conspiracy"},
  {"url": "addictinginfo.org", "type": "bias"},
  {"url": "adobochronicles.com", "type": "fake"},
  {"url": "allgoodsides.com", "type": ""},
  {"url": "allpoliticsnews.com", "type": ""},
  {"url": "americanlookout.com", "type": ""},
  {"url": "americannews.com", "type": ""},
  {"url": "americantoday.news", "type": ""},
  {"url": "amplifyingglass.com", "type": ""},
  {"url": "amusmentic.com", "type": ""},
  {"url": "anonnews.co", "type": ""},
  {"url": "antiwar.com", "type": ""},
  {"url": "automotostar.com", "type": ""},
  {"url": "awesomethings4you.com", "type": ""},
  {"url": "banoosh.com", "type": ""},
  {"url": "beehivebugle.com", "type": ""},
  {"url": "beforeitsnews.com", "type": ""},
  {"url": "berniesanders24.com", "type": ""},
  {"url": "berniesandersnews.org", "type": ""},
  {"url": "betootaadvocate.com", "type": ""},
  {"url": "bients.com", "type": ""},
  {"url": "bigamericannews.com", "type": ""},
  {"url": "bigbluedimension.com", "type": ""},
  {"url": "bigbluevision.com", "type": ""},
  {"url": "bigbluevision.org", "type": ""},
  {"url": "bigpzone.com", "type": ""},
  {"url": "bipartisanreport.com", "type": ""},
  {"url": "bluenationreview.com", "type": ""},
  {"url": "borowitzreport.com", "type": "satire"},
  {"url": "breitbart.com", "type": ""},
  {"url": "bvanews.com", "type": ""},
  {"url": "callthecops.net", "type": ""},
  {"url": "cap-news.com", "type": ""},
  {"url": "celebtricity.com", "type": ""},
  {"url": "centralnewsamerica.com", "type": ""},
  {"url": "chaser.com.au", "type": ""},
  {"url": "checkoutthehealthyworld.com", "type": ""},
  {"url": "christiantimesnewspaper.com", "type": ""},
  {"url": "christwire.org", "type": ""},
  {"url": "chronicle.su", "type": ""},
  {"url": "cityworldnews.com", "type": ""},
  {"url": "civictribune.com", "type": ""},
  {"url": "clickhole.com", "type": "satire"},
  {"url": "cnnnext.com", "type": ""},
  {"url": "coasttocoastam.com", "type": ""},
  {"url": "collective-evolution.com", "type": ""},
  {"url": "concisepolitics.com", "type": ""},
  {"url": "consciouslifenews.com", "type": ""},
  {"url": "conservativeoutfitters.com", "type": ""},
  {"url": "conservativetribune.com", "type": ""},
  {"url": "conspiracywire.com", "type": "conspiracy"},
  {"url": "cosmo-politics.com", "type": ""},
  {"url": "countdowntozerotime.com", "type": ""},
  {"url": "counterpsyops.com", "type": ""},
  {"url": "creambmp.com", "type": ""},
  {"url": "crystalair.com", "type": ""},
  {"url": "daily-magazine.news", "type": ""},
  {"url": "dailybuzzlive.com", "type": ""},
  {"url": "dailycurrant.com", "type": ""},
  {"url": "dailydemocraticnews.com", "type": ""},
  {"url": "dailyintestingthings.com", "type": ""},
  {"url": "dailyleak.org", "type": ""},
  {"url": "dailynews24-7.com", "type": ""},
  {"url": "dailynewsbin.com", "type": ""},
  {"url": "dailypolitics.info", "type": ""},
  {"url": "dailypoliticsusa.com", "type": ""},
  {"url": "dailysquib.co.uk", "type": ""},
  {"url": "dailystormer.com", "type": ""},
  {"url": "davidduke.com", "type": "hate"},
  {"url": "dailywire.com", "type": "bias"},
  {"url": "davidwolfe.com", "type": "junksci"},
  {"url": "dcclothesline.com", "type": ""},
  {"url": "dcgazette.com", "type": ""},
  {"url": "delectabledietofpics.net", "type": ""},
  {"url": "departed.co", "type": ""},
  {"url": "der-postillon.com", "type": ""},
  {"url": "derfmagazine.com", "type": ""},
  {"url": "dineal.com", "type": ""},
  {"url": "disclose.tv", "type": ""},
  {"url": "diversitychronicle.wordpress.com", "type": ""},
  {"url": "doctorhealth365.com", "type": ""},
  {"url": "donaldtrumpnews.co", "type": ""},
  {"url": "drudgereport.com.co", "type": ""},
  {"url": "duffleblog.com", "type": ""},
  {"url": "duhprogressive.com", "type": ""},
  {"url": "eatinghealthytricks.com", "type": ""},
  {"url": "elelephantintheroom.blogspot.com", "type": ""},
  {"url": "elitereaders.com", "type": ""},
  {"url": "elkoshary.com", "type": ""},
  {"url": "elmundotoday.com", "type": ""},
  {"url": "embols.com", "type": ""},
  {"url": "empireherald.com", "type": ""},
  {"url": "empirenews.com", "type": ""},
  {"url": "empirenews.net", "type": ""},
  {"url": "empiresports.co", "type": ""},
  {"url": "enabon.com", "type": ""},
  {"url": "endingthefed.com", "type": ""},
  {"url": "enduringvision.com", "type": ""},
  {"url": "english.ruvr.ru", "type": ""},
  {"url": "eutimes.net", "type": ""},
  {"url": "everydayworldnews.com", "type": ""},
  {"url": "everythingnewdaily.com", "type": ""},
  {"url": "extraclubmagazine.com", "type": ""},
  {"url": "fakingnews.com", "type": ""},
  {"url": "fantasticword.com", "type": ""},
  {"url": "federalistpress.com", "type": ""},
  {"url": "fognews.ru", "type": ""},
  {"url": "foodbabe.com", "type": "junksci"},
  {"url": "fprnradio.com", "type": ""},
  {"url": "freepatriot.org", "type": ""},
  {"url": "freewoodpost.com", "type": ""},
  {"url": "fromthetrenchesworldreport.com", "type": ""},
  {"url": "geoengineeringwatch.org", "type": ""},
  {"url": "globalresearch.ca", "type": "conspiracy"},
  {"url": "gomerblog.com", "type": ""},
  {"url": "gonzoglobe.com", "type": ""},
  {"url": "gossipknowledge.com", "type": ""},
  {"url": "govtslaves.info", "type": ""},
  {"url": "guardianlv.com", "type": ""},
  {"url": "gulagbound.com", "type": ""},
  {"url": "hangthebankers.com", "type": ""},
  {"url": "healthimpactnews.com", "type": ""},
  {"url": "holyobserver.com", "type": ""},
  {"url": "humansarefree.com", "type": ""},
  {"url": "huzlers.com", "type": ""},
  {"url": "ifyouonlynews.com", "type": ""},
  {"url": "igrewupinusa.info", "type": ""},
  {"url": "ijr.com", "type": ""},
  {"url": "indiaarising.com", "type": ""},
  {"url": "informetoday.com", "type": ""},
  {"url": "infowars.com", "type": "conspiracy"},
  {"url": "instaworldnews.com", "type": ""},
  {"url": "intellihub.com", "type": ""},
  {"url": "intrendtoday.com", "type": ""},
  {"url": "inquisitor.com", "type": ""},
  {"url": "itaglive.com", "type": ""},
  {"url": "iwanttoexplore.com", "type": ""},
  {"url": "jesus-is-savior.com", "type": ""},
  {"url": "jonesreport.com", "type": ""},
  {"url": "landoverbaptist.org", "type": ""},
  {"url": "latestnews5.com", "type": ""},
  {"url": "legorafi.fr", "type": ""},
  {"url": "lewrockwell.com", "type": ""},
  {"url": "liberalamerica.org", "type": ""},
  {"url": "liberalbias.com", "type": ""},
  {"url": "libertymovementradio.com", "type": ""},
  {"url": "libertynews.com", "type": ""},
  {"url": "libertytalk.fm", "type": ""},
  {"url": "libertyunyielding.com", "type": ""},
  {"url": "libertyvideos.org", "type": ""},
  {"url": "lifeandabout.com", "type": ""},
  {"url": "lifeprevention.com", "type": ""},
  {"url": "lightlybraisedturnip.com", "type": ""},
  {"url": "livefreelivenatural.com", "type": ""},
  {"url": "livevote.com", "type": ""},
  {"url": "lushforlife.com", "type": ""},
  {"url": "madworldnews.com", "type": ""},
  {"url": "magafeed.com", "type": ""},
  {"url": "mediamass.net", "type": ""},
  {"url": "mediazone.news", "type": ""},
  {"url": "megafreshnews.com", "type": ""},
  {"url": "megynkelly.us", "type": ""},
  {"url": "miniplanet.us", "type": ""},
  {"url": "morningnewsusa.com", "type": ""},
  {"url": "mrconservative.com", "type": ""},
  {"url": "msnbc.website", "type": ""},
  {"url": "mydailyrelaxation.com", "type": ""},
  {"url": "nahadaily.com", "type": ""},
  {"url": "nationalreport.net", "type": ""},
  {"url": "naturalcuresnotmedicine.com", "type": "junksci"},
  {"url": "naturalnews.com", "type": "junksci"},
  {"url": "nbcpolitics.org", "type": ""},
  {"url": "nbcpoll.com", "type": ""},
  {"url": "ncscooper.com", "type": ""},
  {"url": "newcenturytimes.com", "type": ""},
  {"url": "news-hound.com", "type": ""},
  {"url": "news-hound.org", "type": ""},
  {"url": "newsbbc.net", "type": ""},
  {"url": "newsbiscuit.com", "type": ""},
  {"url": "newscenterusa.com", "type": ""},
  {"url": "newsexaminer.net", "type": ""},
  {"url": "newsfrompolitics.com", "type": ""},
  {"url": "newslo.com", "type": ""},
  {"url": "newsmutiny.com", "type": ""},
  {"url": "newsopening.com", "type": ""},
  {"url": "newsthump.com", "type": ""},
  {"url": "newstoad.net", "type": ""},
  {"url": "newswire-24.com", "type": ""},
  {"url": "nodisinfo.com", "type": ""},
  {"url": "notallowedto.com", "type": ""},
  {"url": "now8news.com", "type": ""},
  {"url": "nowtheendbegins.com", "type": ""},
  {"url": "nymeta.co", "type": ""},
  {"url": "nyuzer.com", "type": ""},
  {"url": "objectiveministries.org", "type": ""},
  {"url": "occupydemocrats.com", "type": ""},
  {"url": "occupyliberals.com", "type": ""},
  {"url": "odgossip.com", "type": ""},
  {"url": "openmindmagazine.com", "type": ""},
  {"url": "other98.com", "type": ""},
  {"url": "pakalertpress.com", "type": ""},
  {"url": "patriotchronicle.com", "type": ""},
  {"url": "politicalblindspot.com", "type": ""},
  {"url": "politicalears.com", "type": ""},
  {"url": "politicalo.com", "type": ""},
  {"url": "politicalsitenews.com", "type": ""},
  {"url": "politicaltimes.org", "type": ""},
  {"url": "politicsbreaking.com", "type": ""},
  {"url": "politicsinformation.com", "type": ""},
  {"url": "politicsinfotoday.com", "type": ""},
  {"url": "politicsintheusa.com", "type": ""},
  {"url": "politicsinusa.com", "type": ""},
  {"url": "politicususa.com", "type": ""},
  {"url": "powerpoliticians.com", "type": ""},
  {"url": "presidentialvoting2016.com", "type": ""},
  {"url": "press24.us", "type": ""},
  {"url": "presstv.com", "type": "state"},
  {"url": "presstv.ir", "type": "state"},
  {"url": "prisonplanet.com", "type": "conspiracy"},
  {"url": "prisonplanet.tv", "type": "conspiracy"},
  {"url": "private-eye.co.uk", "type": ""},
  {"url": "projectveritas.com", "type": "bias"},
  {"url": "proudemocrat.com", "type": ""},
  {"url": "randpaulreview.com", "type": ""},
  {"url": "rawforbeauty.com", "type": ""},
  {"url": "rawws.com", "type": ""},
  {"url": "realfarmacy.com", "type": ""},
  {"url": "realnewsrightnow.com", "type": ""},
  {"url": "realplanetnews.com", "type": ""},
  {"url": "realprogress.online", "type": ""},
  {"url": "redflagnews.com", "type": ""},
  {"url": "reductress.com", "type": ""},
  {"url": "rense.com", "type": ""},
  {"url": "responsibletechnology.org", "type": ""},
  {"url": "rilenews.com", "type": ""},
  {"url": "rockcitytimes.com", "type": ""},
  {"url": "rt.com", "type": "state"},
  {"url": "satiratribune.com", "type": ""},
  {"url": "satirewire.com", "type": ""},
  {"url": "scrappleface.com", "type": ""},
  {"url": "secretsofthefed.com", "type": ""},
  {"url": "shadowproof.com", "type": ""},
  {"url": "sott.net", "type": ""},
  {"url": "sourceplanet.net", "type": ""},
  {"url": "southweb.org", "type": ""},
  {"url": "speciallifeentertainment.com", "type": ""},
  {"url": "speld.nl", "type": ""},
  {"url": "spinzon.com", "type": ""},
  {"url": "sportspickle.com", "type": ""},
  {"url": "stneotscitizen.com", "type": ""},
  {"url": "stuppid.com", "type": ""},
  {"url": "suggesthealthytips.com", "type": ""},
  {"url": "superstation95.com", "type": ""},
  {"url": "theautogear.com", "type": ""},
  {"url": "thebeaverton.com", "type": "satire"},
  {"url": "thecarsmagazine.com", "type": ""},
  {"url": "thecivilian.co.nz", "type": ""},
  {"url": "thecommonsenseshow.com", "type": ""},
  {"url": "thecontroversialfiles.net", "type": ""},
  {"url": "thedailymash.co.uk", "type": ""},
  {"url": "thedailysheeple.com", "type": ""},
  {"url": "thedailywtf.com", "type": ""},
  {"url": "thedemocratic.site", "type": ""},
  {"url": "thefreethoughtproject.com", "type": ""},
  {"url": "thelapine.ca", "type": ""},
  {"url": "thelastgreatstand.com", "type": ""},
  {"url": "themideastbeast.com", "type": ""},
  {"url": "thenewamerican.com", "type": ""},
  {"url": "thenewsnerd.com", "type": ""},
  {"url": "theonion.com", "type": ""},
  {"url": "theoxymoron.co.uk", "type": ""},
  {"url": "thepeoplescube.com", "type": ""},
  {"url": "thepoke.co.uk", "type": ""},
  {"url": "theracketreport.com", "type": ""},
  {"url": "therightplanet.com", "type": ""},
  {"url": "therightstuff.biz", "type": ""},
  {"url": "therundownlive.com", "type": ""},
  {"url": "thespoof.com", "type": ""},
  {"url": "theunrealtimes.com", "type": ""},
  {"url": "theuspatriot.com", "type": ""},
  {"url": "thevalleyreport.com", "type": ""},
  {"url": "theworldstyle.com", "type": ""},
  {"url": "thisismynewworld.com", "type": ""},
  {"url": "topekasnews.com", "type": ""},
  {"url": "topinfopost.com", "type": ""},
  {"url": "topnewspolitics.com", "type": ""},
  {"url": "topratedviral.com", "type": ""},
  {"url": "totalworldnews.com", "type": ""},
  {"url": "trendingnewsguide.com", "type": ""},
  {"url": "trendingnewstoday.net", "type": ""},
  {"url": "tribuneherald.net", "type": ""},
  {"url": "truthandaction.org", "type": ""},
  {"url": "truthbroadcastnetwork.com", "type": ""},
  {"url": "truthfeed.com", "type": ""},
  {"url": "truthfrequencyradio.com", "type": ""},
  {"url": "tunerspeed.com", "type": ""},
  {"url": "turnerradionetwork.com", "type": ""},
  {"url": "tyronetribulations.com", "type": ""},
  {"url": "twitchy.com", "type": ""},
  {"url": "unconfirmedsources.com", "type": ""},
  {"url": "undergroundhealth.com", "type": ""},
  {"url": "universepolitics.com", "type": ""},
  {"url": "usa2016elections.com", "type": ""},
  {"url": "usadailypolitics.com", "type": ""},
  {"url": "usadailytime.com", "type": ""},
  {"url": "usahitman.com", "type": ""},
  {"url": "usainfobox.com", "type": ""},
  {"url": "usajournalist.com", "type": ""},
  {"url": "usalinepolitics.com", "type": ""},
  {"url": "usalinepoliticsnow.com", "type": ""},
  {"url": "usamagazinestudio.com", "type": ""},
  {"url": "usanews24hrs.com", "type": ""},
  {"url": "usanewsflash.com", "type": ""},
  {"url": "usanewshome.com", "type": ""},
  {"url": "usanewsinsider.com", "type": ""},
  {"url": "usanewspolitics.com", "type": ""},
  {"url": "usanewsstudio.com", "type": ""},
  {"url": "usaonlinepolitics.com", "type": ""},
  {"url": "usaonlinetoday.com", "type": ""},
  {"url": "usaphase.com", "type": ""},
  {"url": "usapoliticsdaily.com", "type": ""},
  {"url": "usapoliticsnow.com", "type": ""},
  {"url": "usapoliticus.com", "type": ""},
  {"url": "usapowernews.com", "type": ""},
  {"url": "usascan.com", "type": ""},
  {"url": "usasupreme.com", "type": ""},
  {"url": "usatoday.com.co", "type": ""},
  {"url": "usatwentyfour.com", "type": ""},
  {"url": "usblastingnews.com", "type": ""},
  {"url": "usfanzone.com", "type": ""},
  {"url": "uslifetoday.com", "type": ""},
  {"url": "usmediacenter.com", "type": ""},
  {"url": "uspolitics24.com", "type": ""},
  {"url": "uspoliticslive.com", "type": ""},
  {"url": "usuncut.com", "type": ""},
  {"url": "usviewer.com", "type": ""},
  {"url": "veteranstoday.com", "type": ""},
  {"url": "vonpress.com", "type": ""},
  {"url": "votocrat.com", "type": ""},
  {"url": "wakingupwisconsin.com", "type": ""},
  {"url": "waterfordwhispersnews.com", "type": ""},
  {"url": "weeklyworldnews.com", "type": ""},
  {"url": "westernjournalism.com", "type": ""},
  {"url": "whydontyoutrythis.com", "type": ""},
  {"url": "wideawakeamerica.com", "type": ""},
  {"url": "winkprogress.com", "type": ""},
  {"url": "winningdemocrats.com", "type": ""},
  {"url": "witscience.org", "type": ""},
  {"url": "wnd.com", "type": "bias"},
  {"url": "world24monitor.com", "type": ""},
  {"url": "worldcallyoutoday.com", "type": ""},
  {"url": "worlddaily.info", "type": ""},
  {"url": "worldnewsdailyreport.com", "type": ""},
  {"url": "worldrumor.com", "type": ""},
  {"url": "worldstoriestoday.com", "type": ""},
  {"url": "worldtruth.tv", "type": ""},
  {"url": "worldwidehealthy.com", "type": ""},
  {"url": "wundergroundmusic.com", "type": ""},
  {"url": "yourfunpage.com", "type": ""},
  {"url": "yournewswire.com", "type": ""},
  {"url": "zaytung.com", "type": ""}
]
